																																															
	Ludibrium Ellin Forest (Not released)																																														
																																															
				Lv. 30						Lv. 34						Lv. 39						Lv. 41						Lv. 46						Lv. 55													
																																															
				X						X						X						X (Possible Heal attack)						X (Possible Heal attack)						X													
																																															
				950						1100						1920						2050						2600						4400													
																																															
				0						0						0						50						70						110													
				60						70						92						99						115						175													
	Brown Teddy			76 ~ 118 meso			Tick			84 ~ 126 meso			Toy Trojan			96 ~ 144 meso			Platoon Chronos			116 ~ 174 meso			Master Chronos			172 ~ 258 meso			Mossy Mushroom			217 ~ 334 meso													
	Teddy's Cotton		Steel Ore		Garnet Ore		Clock Spring		Garnet Ore		Aquamarine Ore		Toy Soldier Sword		Tree Branch		Firewood		Cog		Diamond Ore		Power Crystal Ore		Cog		Garnet Ore		Topaz Ore		White Potion		Bule Potion		Mithril Ore												
	Wisdom Crystal Ore		White Potion		Bule Potion		Power Crystal Ore		White Potion		Bule Potion		Emerald Ore		Wisdom Crystal Ore		White Potion		White Potion		Bule Potion		Scroll for Gloves for ATT  60%		White Potion		Elixer		Scroll for Staff for Magic ATT  10%		Aquamarine Ore		Scroll for Spear for Accuracy60%		Blue Sonata												
	Scroll for Shoes for DEX 60%		Mountain Crossbow		Golden Pride		Scroll for Cape for DEX 100%		Scroll for One-Handed Axe for ATT 10%		Snowball		Bule Potion		Scroll for Cape for Magic Def 60%		Sapphire Earrings		Zard		Esther Shield		Red Burgler		Scroll for Two-Handed Axe for ATT 10%		Tobi Throwing-Star		Mithril Scaler 		Green Plasteer		Mithril Brist		Green Goldwind Shoes												
	War Hammer		DarkSilver Stealer (M)		Blue Chaos Robe (M)		Diamond Ore		Blue Magicshoes		Brown Marker		Blue Legolia (F)		White Martial Arts Shorts (M)		Blue Legolia Pants (F)		Green Matty		Red Starlight (M)		Brown Legolier (M)		Brown Jangoon Boots		Brown Piette Pants (M)		Red Pierre Shoes		Asianic Bow		Black Mushroom Spore		Dagger Production Stimulator												
	Brown  Sneak Pants (M)		Brown Sneak (M)		Blue Silky Boots		Wizard Wand		Red Pole-Feather Hat		Green Burgler		Brown Pilfer		Mithril Nordic Helm		Dark Arten		Maroon Jangoon Armor (M)		White Jangoon Pants (M)		Dark Cleave		Brown Piette (M)		Dark Calas (M)		Ivory Shouldermail (F)		One-Handed Axe Production Stimulator		Gun Production Stimulator		Overall Production Stimulator												
	Brown Pollard						Brown Legolia (F)		Brown Legolia Pants (F)		Blue Noel		Red Cleave		Yellow Pierre Shoes		Crescent Polearm		Gold Moon Shoes		Mithril Tower Shield		Serpent's Tongue		Ivory Shouldermail Pants (F)		Blue Moon Gloves		Blue Goldwind Shoes																		
							Blue Starlight (M)		Black Red-Lined Shoes		Sabretooth		Red Calaf (F)		Scroll for Shield for HP 100%		Shooting Star		Buck		Speed Pill		Red Barbay		Golden Mole		Dark Slain		Scroll for Helmet for DEX 60%																		
							Adamantium Knuckle		Brown Locote Shoes		Scroll for One-Handed BW for Accuracy10%		Split Bullet		Blue Dragon (M)		Dagger Production Stimulator		Brown Legolier Pants (M)		Knuckle Production Stimulator		Two-Handed Axe Production Stimulator		Scroll for Bottomwear for Jump 100%		Scroll for Shield for STR 60%		Scroll for Two-Handed BW for Accuracy10%																		
							 Spear Production Stimulator		Two-Handed BW Production Stimulator		Helmet Production Stimulator		One-Handed Axe Production Stimulator		One-Handed BW Production Stimulator				Gun Production Stimulator						LUK Crystal Ore		Fury Claw		Speed Potion																		
							Shield Production Stimulator																		Staff Production Stimulator		Claw Production Stimulator		Knuckle Production Stimulator																		
																																															
	Weapon DEF		Magic DEF		Avoidability		Weapon DEF		Magic DEF		Avoidability		Weapon DEF		Magic DEF		Avoidability		Weapon DEF		Magic DEF		Avoidability		Weapon DEF		Magic DEF		Avoidability		Weapon DEF		Magic DEF		Avoidability												
	38		40		12		95		90		14		110		130		18		130		160		22		170		200		24		100		120		20												
	Need Accuracy		44 (1 level decrease +1.66)				Need Accuracy		51 (1 level decrease +1.86)				Need Accuracy		66 (1 level decrease +2.44)				Need Accuracy		81 (1 level decrease +2.93)				Need Accuracy		88 (1 level decrease +3.22)				Need Accuracy		73 (1 level decrease +2.66)														
	Common Location						Common Location						Common Location						Common Location						Common Location						Common Location																
				Lv. 32						Lv. 36						Lv. 40						Lv. 42						Lv. 46						Lv. 57													
																																															
				X						X						X						X						X						X													
																																															
				1050						1400						1900						2400						2600						4500													
																																															
				0						0						50						100						0						100													
				65						77						95						102						112						200													
	Pink Teddy			80 ~ 120 meso			Panda Teddy			76 ~ 114 meso			Tick-Tock			108 ~ 162 meso			Mossy Snail			129 ~ 198 meso			Tree Rod			141 ~ 217 meso			Primitive Boar			246 ~ 397 meso													
	Teddy's Yellow Ribbon		Amethyst Ore		Wisdom Crystal Ore		Panda Doll		Mithril Ore		LUK Crystal Ore		Table Clock		Adamantium Ore		LUK Crystal Ore		Moss Snail Shell		White Potion		Bule Potion		White Potion		Bule Potion		Silver Ore		Tough Leather		White Potion		Bule Potion												
	White Potion		Bule Potion		Scroll for Cape for INT 10%		White Potion		Bule Potion		Scroll for Bow for ATT 60%		White Potion		Bule Potion		Hall Staff		Orihalcon Ore		Opal Ore		Scroll for Helmet for HP 60%		Sapphire Ore		Scroll for Bottomwear for DEX 10%		Flame Golden Circlet		Steel Ore		Emerald Ore		Scroll for Knuckle for ATT 10%												
	BATT le Shield		Black Huntress Armor (F)		 Black Huntress Pants (F)		Red Hwarang Shirt (M)		Red Martial Arts Pants (M)		Blue Hunter Boots		Scroll for Topwear for DEF 60%		Scroll for Claw for ATT 60%		Great Red Helmet		Red Duke		Blue Moonlight (F)		Dark Willow		Green Lumati (F)		Brown Moon Gloves		Brown Double Boots		Purple Cast Linen		Blue Orientican (M)		Blue Ice Queen (F)												
	Bronze Missel		White Magicshoes		Eagle Crow		Dark Starlight (M)		Red Distinction		Red Guiltian		Red 플레패더햇		Green Knucklevest (M)		Blue Matty		Black Yellow-Lined Shoes		Lunar Shooter		Two-Handed Sword Production Stimulator		The Nine Dragons		Tree Trunk		Dagger Production Stimulator		Gold Manute		Blue Gore Boots		Deadly Fin												
	Blood Chaos Robe (M)		Red Knucklevest (M)		Red Knucklevest Pants (M)		Dark Knuckle		Maroon Jangoon Boots		Blue Moon Shoes		Blue Knucklevest Pants (M)		Blue Moonlight (F)		Aqua Brace		Claw Production Stimulator		Gun Production Stimulator				Helmet Production Stimulator		Bottomwear Production Stimulator				Dagger Production Stimulator		Shoes Production Stimulator		Helmet Production Stimulator												
	Yellow Briggon		Red Salt Shoes		Steel Avarice		Blue Counter		Dragon Toenail		Scroll for Shield for LUK 100%		Pansy Earrings		Iron Knuckle		Black Green-Lined Shoes																														
	Yellow Tartis		Split Bullet		Scroll for Two-Handed Sword for Accuracy60%		Scroll for One-Handed BW for Accuracy60%		Silver Maiden		Sniper Pill		Cromi		Sai		Jacker																														
	One-Handed Sword Production Stimulator		Topwear Production Stimulator		Overall Production Stimulator		Dark Avenger (F)		One-Handed Axe Production Stimulator		Bottomwear Production Stimulator		Red Barbay		All-purpose Clock Spring		 Spear Production Stimulator																														
	Overall Production Stimulator						Overall Production Stimulator						Crossbow Production Stimulator		Gun Production Stimulator																																
																																															
																																															
	Weapon DEF		Magic DEF		Avoidability		Weapon DEF		Magic DEF		Avoidability		Weapon DEF		Magic DEF		Avoidability		Weapon DEF		Magic DEF		Avoidability		Weapon DEF		Magic DEF		Avoidability		Weapon DEF		Magic DEF		Avoidability												
	50		70		14		95		95		16		160		170		20		110		100		12		300		300		15		170		160		20												
	Need Accuracy		51 (1 level decrease +1.86)				Need Accuracy		59 (1 level decrease +2.13)				Need Accuracy		73 (1 level decrease +2.66)				Need Accuracy		44 (1 level decrease +1.6)				Need Accuracy		55 (1 level decrease +2)				Need Accuracy		73 (1 level decrease +2.66)														
	Common Location						Common Location						Common Location						Common Location						Common Location						Common Location																
				Lv. 34						Lv. 37						Lv. 41						Lv. 44						Lv. 51																			
																																															
				X						X (Possible Heal attack)						Strong Fire, Ice						X						X																			
																																															
				1200						1750						2000						2450						3600																			
																																															
				0						30						0						0						40																			
				70						82						99						105						142																			
	Roloduck			84 ~ 126 meso			Chronos			96 ~ 144 meso			Robo			116 ~ 174 meso			Master Robo			140 ~ 210 meso			Stone Bug			178 ~ 273 meso																			
	Toy Duckling		Soft Feather		 Stiff Feather		 Cog		Mystic Shield		Gold Ore		Cheap BATT ery		Mithril Ore		Silver Ore		Mechanical Heart		Wisdom Crystal Ore		White Potion		White Potion		Bule Potion		Bronze Ore																		
	Silver Ore		Topaz Ore		DEX Crystal Ore		DEX Crystal Ore		Steel Ore		White Potion		Wisdom Crystal Ore		White Potion		Bule Potion		Bule Potion		Elixer		Scroll for Helmet for HP 60%		Garnet Ore		Scroll for Cape for STR 10%		Black Maro																		
	White Potion		Bule Potion		Scroll for One-Handed BW for ATT 10%		Bule Potion		Scroll for Wand for Magic ATT  10%		Scroll for Two-Handed BW for ATT 60%		Scroll for Bottomwear for DEF 10%		Scroll for Dagger for ATT 10%		Red Amoria Top (F)		Scroll for Overall Armor for DEX 10%		Yellow Umbrella		Jeweled Katar		Brown China (M)		Brown Moon (F)		Brown Royce																		
	Blue Hunter's Armor (M)		SilverBlack Stealer (M)		Blue Hunter's Pants (M)		The Magic Rock		Blood BATT le Grieves		Bronze Chain Boots		Blue Crusader Chainmail (M)		Red Guiltian		Steel Nordic Helm		Blue Silky Boots		Dark Starlight (M)		Black Blue-Lined Shoes		Mithril Hildon Boots		Cromi		Rubble																		
	SilverBlack Stealer Pants (M)		Black Lutia		White Chaos Robe (M)		Dark Avenger (F)		Mithril Brist		 Purple Salt Shoes		Green Distinction		Gold Moon Shoes		Maroon Jangoon Boots		Brown Jangoon Boots		Dark Knuckle		Brown Distinction		Claw Production Stimulator		Knuckle Production Stimulator																				
	Great Brown Helmet		Blue Crusader Chainmail (M)		Steel Trigger		Brown Legolia (F)		Brown Legolia Pants (F)		Blue Pilfer		Green Steel-Tip Boots		Jeweled Katar		Steel Slain		Sapphire Slain		Ryden		Lion's Fang																								
	Aqua Brace		Bazlud		Scroll for Bottomwear for Jump 100%		White Guiltian		Scroll for Gun for ATT 60%		Shooting Star		Scroll for Shield for HP 100%		Scroll for Two-Handed Sword for Accuracy100%		Red Amoria Skirt (F)		Green China (M)		Green China Pants (M)		Black Maro																								
	Blue Brace Look		Claw Production Stimulator		Gun Production Stimulator		Warrior Pill		Maroon Jangoon Armor (M)		White Jangoon Pants (M)		Red Avenger (F)		Red Misty		Claw Production Stimulator		The Rising		Mr. Rasfelt		Bow Production Stimulator																								
	Gloves Production Stimulator						Bow Production Stimulator		Gloves Production Stimulator		Topwear Production Stimulator		One-Handed Axe Production Stimulator		Two-Handed Axe Production Stimulator				One-Handed Axe Production Stimulator		Helmet Production Stimulator																										
							Shield Production Stimulator		Wand Production Stimulator																																						
																																															
	Weapon DEF		Magic DEF		Avoidability		Weapon DEF		Magic DEF		Avoidability		Weapon DEF		Magic DEF		Avoidability		Weapon DEF		Magic DEF		Avoidability		Weapon DEF		Magic DEF		Avoidability																		
	70		85		16		90		120		20		190		175		15		210		195		18		255		200		15																		
	Need Accuracy		59 (1 level decrease +2.13)				Need Accuracy		73 (1 level decrease +2.66)				Need Accuracy		55 (1 level decrease +2)				Need Accuracy		66 (1 level decrease +2.44)				Need Accuracy		55 (1 level decrease +2)																				
	Common Location						Common Location						Common Location						Common Location						Common Location																						
																																															
																																															
	ClockTower Bottom Floor																																														
																																															
				Lv. 61						Lv. 67						Lv. 76						Lv. 85						Lv. 93						Lv. 99													
																																															
				X						Week Holy / Strong Lightning / Immune Ice (Possible Heal attack)						 Week Holy  (Possible Heal attack)						Week Holy, Fire  (Possible Heal attack)						Week Lightning / Strong Fire						Week Holy, Fire / Immune Ice (Possible Heal attack)													
																																															
				7400						11000						18000						32000						50000						60000													
																																															
				80						100						200						180						190						220													
				230						265						370						1300						2100						2800													
	Buffy			312 ~ 468 meso			Master Soul Teddy			332 ~ 498 meso			Dark Klock			648 ~ 960 meso			Death Teddy			364 ~ 545 meso			Spirit Viking			625 ~ 926 meso			Grim Phantom Watch			416 ~ 623 meso													
	Buffy's Hat		Steel Ore		Mana Elixer		Free Spirit		Leather		White Potion		Evil Spirit		Mana Elixer		Elixer		Sealed Teddy Bear		All Cure Potion		Mana Elixer		Viking Sail		White Potion		Mana Elixer		Ice Piece		White Potion		Power Elixer												
	Elixer		Black Crystal Ore		Orihalcon Ore		Elixer		Gold Ore		Topaz Ore		Diamond Ore		Orihalcon Ore		The Magic Rock		White Potion		Sniper Potion		Sunset Dew		Steel Ore		Black Crystal Ore		Power Crystal Ore		Unagi		Magic Potion		Steel Ore												
	Scroll for Wand for Magic ATT  60%		Scroll for Staff for Magic ATT  60%		Scroll for Cape for Magic Def 60%		The Magic Rock		Dark Crystal Ore		Scroll for Cape for LUK 60%		Dark Crystal Ore		Scroll for Overall Armor for INT 60%		Scroll for Crossbow for ATT 10%		Black Crystal Ore		Sapphire Ore		DEX Crystal Ore		Scroll for Crossbow for ATT 10%		Ilbi Throwing-Star		Beige Lineros (F)		The Summoning Rock		Mithril Ore		Scroll for Claw for ATT 10%												
	Wisdom Crystal Ore		Blue Pilfer		Blue Duke		Scroll for Dagger for ATT 60%		Dark Calas (M)		Green Steel-Tip Boots		Brown Choro (F)		Umber Mantis Pants (F)		Umber Mantis (F)		The Summoning Rock		Scroll for Bottomwear for DEF 60%		Scroll for Cape for INT 60%		Dark Infinium Circlet		Blood Nightfox		Gigantic Sledge		Scroll for Topwear for DEF 60%		 Purple Nightfox		Dark Linnex (M)												
	Red Calas (M)		Skull Earrings		Oaker Shouldermail (M) 		Red Willow		Dark Anakamoon (M)		Blue Oriental Helmet		Green Orientican (M)		Green Orientican Pants (M)		Dark Requierre (F)		Yellow Umbrella		Dark Lineros (F)		Blue Carzen Boots		Dark Enigmatic (M)		Green Enigmatic (M)		Heaven's Justice		Silver Ancient Shield		The Morningstar		 Marine Raven												
	Oaker Shouldermail Pants (M)		Brown Steel-Tip Boots		Gold Pow		Dark Identity		Black Polyfeather Hat		Green Seraphis		Dark Studded Pants (M)		Dark Stud (M)		Red Infinium Circlet		Blue Mystique (F)		Blue Mystique Pants (F)		Blue Hinkel		Brown Pireta Hat		Dark Falcon		Dark BATT le Lord (M)		Blue Clarity		Blood Larceny		Red Wing Boots												
	Dark Clench		Gold Manute		Dark Moss Boots		Red Orientican (M)		Red Orientican Pants (M)		 Purple Mystique Shoes		Dark Patriot		Gold Lapiz Sandals		Blood Platina (F)		Black Seraph Cape		Blue Enigmatic (M)		Helios		Red Pirate Blouse (F)		Red Pirate Skirt (F)		Blue Pris (M)		Dark Emperor		Dark Enigma Shoes		Green Pireta Hat												
	Blue Choro (F)		Neocora		Blue Magic Cape		Green Elf Shoes		Bronze Husk		Golden River		Blood  Platina Pants (F)		Green Patriot		Green Scarab		Angelic Betrayal		Dark Clarity		GreenLarceny		Emerald Emperor		Green Pria (F)		Blue BATT le Empress (F)		Green Oriental Fury Coat (F)		Red Arlic Helmet		Green Valkyrie Skirt (F)												
	Red Hinkel		Brown Lorin		Mikhail		Brown Lapiz Sandals		Black Pirate's Bandana		Scroll for Bottomwear for HP 100%		Bent Judgement		Dark Ritual		 Purple Enigma (F)아		Red BATT le Empress (F)		GreenWing Boots		Green Pireta Hat		Blue Commodore (M)		Blue Commodore Pants (M)		 Purple Osfa Suit (F)		Green Valkyrie (F)		Brown Osfa Suit (M)		Brown Osfa Pants (M)												
	Red Mystique Shoes		Red Viska		Scroll for One-Handed Axe for Accuracy60%		Two-Handed BW Production Stimulator		Shoes Production Stimulator		Topwear Production Stimulator		Red Pirate Top (M)		Red Pirate Bottom (M)		Green Falcon		Yellow BATT le Empress (F)		Red Ades (M)		Emerald War Greave		 Purple Osfa Pants (F)		Green Sage		Black Markintz		Green Anes (F)		Dark Imperial		Scroll for One-Handed Sword for Accuracy10%												
	Scroll for Spear for Accuracy60%		Claw Production Stimulator		One-Handed BW Production Stimulator								Dark Dragon Babuta		Steely Throwing-Knives		Abyss Shooter		Dark Neli Shoes		Green Mystra		Phoenix Wand		Scroll for Knuckle for ATT 10%		Scroll for Earring for DEX 60%		Scroll for Shield for STR 100%		Staff Production Stimulator		Knuckle Production Stimulator		Gun Production Stimulator												
													Scroll for Bottomwear for HP 10%		Scroll for Bottomwear for DEX 100%		Scroll for One-Handed Axe for Accuracy100%		Blue Halfglove		Scroll for Helmet for INT 60%		Scroll for Topwear for STR 60%		Scroll for Knuckle for Accuracy10%		Crossbow Production Stimulator		Helmet Production Stimulator																		
													Knuckle Production Stimulator		Gun Production Stimulator		Bottomwear Production Stimulator		Scroll for Shield for LUK 100%		Scroll for Shield for HP 10%		Scroll for Pole Arm for Accuracy60%		Topwear Production Stimulator		[Mastery Book] Dragon Strike (70%)		[Mastery Book] Ninja Ambush (70%)																		
																			One-Handed Sword Production Stimulator		One-Handed BW Production Stimulator		Two-Handed Axe Production Stimulator																								
																																															
	Weapon DEF		Magic DEF		Avoidability		Weapon DEF		Magic DEF		Avoidability		Weapon DEF		Magic DEF		Avoidability		Weapon DEF		Magic DEF		Avoidability		Weapon DEF		Magic DEF		Avoidability		Weapon DEF		Magic DEF		Avoidability												
	213		229		23		210		250		27		380		400		27		700		465		27		830		530		37		850		570		38												
	Need Accuracy		84 (1 level decrease +3.06)				Need Accuracy		99 (1 level decrease +3.6)				Need Accuracy		99 (1 level decrease +3.6)				Need Accuracy		99 (1 level decrease +3.6)				Need Accuracy		136 (1 level decrease +4.93)				Need Accuracy		139 (1 level decrease +5.06)														
	Common Location						Common Location						Common Location						Common Location						Common Location						Common Location																
				Lv. 63						Lv. 70						Lv. 77						Lv. 87						Lv. 95						Lv. 108													
																																															
				Week Holy / Strong Ice, Lightning (Possible Heal attack)						Week Fire, Holy (Possible Heal attack)						Week Ice / Strong Fire						Week Fire / Immune Ice						Week Holy, Fire / Strong Ice (Possible Heal attack)						 Week Holy / Immune Ice (Possible Heal attack)													
																																															
				7600						15000						19000						35000						53000						70000													
																																															
				100						180						140						200						200						300													
				245						270						385						1500						2300						4100													
	Soul Teddy			328 ~ 492 meso			Klock			336 ~ 509 meso			Deep Buffoon			334 ~ 497 meso			Dual Ghost Pirate			400 ~ 600 meso			Phantom Watch			622 ~ 948 meso			Thanatos			664 ~ 996 meso													
	Zombie Teddy Bear		White Potion		Elixer		Sealed-Up Grandpa Clock		Steel Ore		Amethyst Ore		Deep Buffoon's Rock Piece		White Potion		Elixer		Dual Pirate's Propeller		Mana Elixer		White Potion		Sealed Bottle		Power Elixer		Speed Potion		Thanatos' Strap		Silver Ore		Orihalcon Ore												
	Scroll for Staff for Magic ATT  10%		Scroll for Gloves for ATT  60%		Speed Potion		LUK Crystal Ore		The Summoning Rock		Mana Elixer		Emerald Ore		Gold Ore		Dark Crystal Ore		Black Crystal Ore		Adamantium Ore		Scroll for Pole Arm for ATT  60%		White Potion		Emerald Ore		Dark Crystal Ore		Mana Elixer		Power Elixer		Dark Crystal Ore												
	Power Crystal Ore		Bronze Ore		Emerald Ore		Elixer		Wizard Potion		Scroll for Earring for INT 10%		Sniper Pill		Scroll for Two-Handed Sword for ATT 60%		Scroll for Cape for STR 60%		The Summoning Rock		Power Crystal Ore		Steely Throwing-Knives		The Magic Rock		Sunset Dew		Scroll for Two-Handed Sword for ATT 60%		The Summoning Rock		Scroll for Shoes for DEX 10%		Scroll for Gloves for DEX 10%												
	OrangeCalaf (F)		Mithril Crusader Helm 		Brown Sonata		Scroll for Gloves for DEX 10%		 Sunrise Dew		Red Anakamoon (M)		White Anakamoon (M)		Brown Polyfeather Hat		Blood Camel Boots		Dark Requiem (M)		Golden Hinkel		Bronze Husk		Scroll for Cape for LUK 60%		Redemption		Gold Eyes		Black Crystal Ore		Speed Potion		Brown Nightfox												
	Blue Lumati (F)		Brown China (M)		Brown China Pants (M)		Black Polyfeather Hat		Dark Orientican (M)		Dark Orientican Pants (M)		Blue Nightfox		Bloody Platina (F)		Blood  Platina Pants (F)		Dark Stud (M)		Dark Studded Pants (M)		 Purple Enigma (F)		Green Enigma (F)아		Dragon's Tail		Dark Cordon		Gold Ancient Shield		Kandine		Golden River												
	Evil Tale		Dark Garner		Steel Pow		Bronze Clench		Red Gore Boots		Orange Tai (M)		Blue Linnex (M)		Brown Lorin		Gold Ancient Shield		Dark Pireta Hat		Blue Galaxy		Metal Heart Earrings		Blood 엠페러		Dark Pirate Top (M)		Dark Pirate Bottom (M)		Green Enigmatic (M)		Marine Arund		Green Enigma Shoes												
	Steel Manute		Blood Camel Boots		Sapphire Gigantic		Bronze Gigantic		Blue Requierre (F)		Blue Mystique Shoes		Black Scarab		Dark Patriot		Red Infinium Circlet		Green Pirate Blouse (F)		Green Pirate Skirt (F)		Red Pris (M)		Blue Pris (M)		Dark Rivers Boots		Blue Dragon Babuta		Dark Pirate Blouse (F)		Dark Pirate Skirt (F)		Dark BATT le Lord (M)												
	White Magic Cape		Tamus		Gold Drop Earrings		Mithril Husk		Brown Lapiz Sandals		Blue Lineros (F)		Blue Stud (M)		Blue Studded Pants (M)		Chrono		Yellow BATT le Empress (F)		Red Pria (F)		Red Pirate Boots		Red BATT le Empress (F)		Fire Arund		Blue Pria (F)		Dark Pria (F)		Blue Rivers Boots		Purple Enigma Shoes												
	Brown 우크		Blue Patriot		Blue Lorin		Metal Silver Earrings		The Judgement		Half Earrings		Half Earrings		Dark Enigma (F)		Green Pris (M)		Blood Emperor		Red Cordon		Green Clarity		Red Oriental Fury Coat (F)		Dark Ades (M)		Green Commodore (M)		Dark Raven		Green Giles Cape		Black Oriental Fury Coat (M)												
	Violet Platina (F)		Violet Platina Pants (F)		Pink-Flowered Earrings		Blue Enigmatic (M)		Blue Wing Boots		Sapphire Emperor		Red Pirate Boots		Blood Emperor		Blue Halfglove		Green Osfa Suit (F)		Green Osfa Pants (F)		Orihalcon War Greave		Green Commodore Pants (M)		Red Sage		The Peacemaker		Silver Kalkan		Green Arlic Helmet		Rose Earrings												
	Abyss Shooter		Scroll for Gun for ATT 10%		Scroll for Topwear for HP 10%		Beia Crash		Scroll for Earring for DEX 10%		Scroll for Shield for LUK 10%		Scroll for Earring for LUK 60%		Scroll for Overall Armor for STR 10%		Scroll for One-Handed Axe for Accuracy10%		Red Focus		Blue Sage		Vital Bullet		Scroll for Topwear for LUK 10%		One-Handed Axe Production Stimulator		Pole Arm Production Stimulator		Dark Commodore (M)		Dark Commodore Pants (M)		Red Arnah Shoes												
	Scroll for Overall Armor for STR 100%		Scroll for Shield for LUK 60%		Scroll for Pole Arm for Accuracy10%		Dagger Production Stimulator		Knuckle Production Stimulator		Gloves Production Stimulator		One-Handed Sword Production Stimulator		Crossbow Production Stimulator		Gloves Production Stimulator		Infinity's Wrath		Scroll for Bottomwear for Jump 10%		Staff Production Stimulator		Helmet Production Stimulator		[Storybook] Black Book				Scroll for Overall Armor for INT 100%		 Spear Production Stimulator		One-Handed Axe Production Stimulator												
	Crossbow Production Stimulator		Topwear Production Stimulator																One-Handed Axe Production Stimulator		Two-Handed BW Production Stimulator		[Storybook] Unknown Letter								Shoes Production Stimulator		Shield Production Stimulator		[Storybook] Black Book												
																																															
	Weapon DEF		Magic DEF		Avoidability		Weapon DEF		Magic DEF		Avoidability		Weapon DEF		Magic DEF		Avoidability		Weapon DEF		Magic DEF		Avoidability		Weapon DEF		Magic DEF		Avoidability		Weapon DEF		Magic DEF		Avoidability												
	190		215		25		250		250		26		400		410		28		775		470		28		835		530		37		850		680		38												
	Need Accuracy		92 (1 level decrease +3.33)				Need Accuracy		95 (1 level decrease +3.46)				Need Accuracy		103 (1 level decrease +3.73)				Need Accuracy		103 (1 level decrease +3.73)				Need Accuracy		136 (1 level decrease +4.93)				Need Accuracy		136 (1 level decrease +4.93)														
	Common Location						Common Location						Common Location						Common Location						Common Location						Common Location																
				Lv. 66						Lv. 74						Lv. 83						Lv. 89						Lv. 98						Lv. 108													
																																															
				X						Week Ice / Strong Fire						Week Fire / Strong Ice						 Week Holy / Strong Ice, Lightning (Possible Heal attack)						Week Lightning / Strong Fire						Strong Lightning													
																																															
				9400						16000						30000						40000						58000						78000													
																																															
				80						120						160						190						220						200													
				260						340						1100						1720						2600						4300													
	Lazy Buffy			320 ~ 480 meso			Buffoon			320 ~ 480 meso			Ghost Pirate			361 ~ 540 meso			Master Death Teddy			408 ~ 610 meso			Gigantic Spirit Viking			646 ~ 959 meso			Gatekeeper			664 ~ 996 meso													
	Lazy Buffy's Marble		Black Crystal Ore		Gold Ore		Buffoon's Grandpa Clock		Scroll for Cape for LUK 60%		Dark Crystal Ore		Ghost Pirate's Key		Mana Elixer		Wisdom Crystal Ore		Binding Bridle		Power Elixer		Elixer		Gigantic Viking Hat		Mana Elixer		Power Elixer		Gatekeeper Armband		Mana Elixer		Unagi												
	White Potion		Elixer		LUK Crystal Ore		Orange Potion		Elixer		Emerald Ore		Aquamarine Ore		Mithril Ore		Scroll for Cape for Magic Def 60%		Warrior Potion		The Summoning Rock		Gold Ore		Black Crystal Ore		Dark Crystal Ore		Scroll for One-Handed Sword for ATT 10%		The Magic Rock		Steel Ore		Aquamarine Ore												
	Scroll for Earring for INT 60%		The Magic Rock		Dark Crystal Ore		Gold Ore		Wisdom Crystal Ore		Light Scorpio (M)		Scroll for Overall Armor for DEX 10%		Dark Stud (M)		Dark Studded Pants (M)		Topaz Ore		Scroll for Spear for ATT 60%		Scroll for Cape for MP 100%		Scroll for Shield for DEF 10%		The Summoning Rock		Dark Husk		LUK Crystal Ore		Scroll for Shoes for Jump 10%		Scroll for Bottomwear for DEF 10%												
	White Calaf (F)		Blue Moon Gloves		 Purple Steel-Tip Boots		Light Scorpio Pants (M)		Blue Goldrunners		Blue Ice Queen (F)		Bronze Planet		Beige Patriot		Green Pirate Top (M)		White Nightfox		Blue Infinium Circlet		 Purple Carzen Boots		Beige Elf Shoes		Dark Enigma (F)		Heaven's Gate		Steel Ancient Shield		Gross Jaeger		Blue Scarab												
	Umber Shouldermail (M) 		Umber Mantis Pants (F)		Old Mithri lNordic Helm		Blue Ice Queen Skirt (F)		Red Lapiz Sandals		Gold Rover		Green Pirate Bottom (M)		Blue BATT le Lord (M)		 Purple Galaxy		Dark Elf Shoes		Dark Enigmatic (M)		Khan		Red BATT le Lord (M)		Green Pris (M)		Red Pireta Hat		Beige Linnex (M)		Eclipse		Black Mamba												
	Red Seraphis		Oaker Scorpio (M)		Oaker Scorpio Pants (M)		Dark Lineros (F)		Violet  Platina Pants (F)		Violet Platina (F)		Green Falcon		Red Dragon Babuta		Blue Wing Boots		Dark Galaxy		Red Falcon		Dark Pirate Blouse (F)		Dark BATT le Empress (F)		Dark Wing Boots		 Purple Larceny		Dark Arund		Red BATT le Lord (M)		Red Pireta Hat												
	Blue Choro (F)		Sapphire Clench		Black Gaia Cape		Dark Eyes		Blue Stud (M)		Blue Studded Pants (M)		Sapphire Emperor		Gold Aquila Shield		Fire Raven		Dark Pirate Skirt (F)		Green BATT le Lord (M)		Green Pria (F)		Golden Raven		Blue Oriental Fury Coat (M)		Blue Anes (F)		Dark Enigma Shoes		Dark Clarity		Blue BATT le Empress (F)												
	Blue Linnex (M)		Redemption		Silver Rover		Green Scarab		Blue Hinkel		The Gold Dragon		Omega Spear		Blue Ades (M)		Green Osfa Boots		Dark Rivers Boots		Blue Cordon		Dark Valkyrie (F)		Brown Osfa Pants (F)		Brown Osfa Suit (F)		Dark Pachone		Strawberry Earrings		Blue Oriental Fury Coat (F)		Bronze Kalkan												
	Red Lapiz Sandals		Metal Silver Earrings		Psycho Claw		Green Pirate Boots		Blue Clarity		Red Cordon		Green Neli Shoes		Green Imperial		Blue Sun Boat Hat		Blood Valkyrie Skirt (F)		Red Ades Shoes		Blue Neli Shoes		Scroll for Helmet for INT 60%		Scroll for Helmet for DEX 10%		Scroll for Topwear for STR 60%		Blue Arlic Helmet		Red Osfa Suit (M)		Red Osfa Pants (M)												
	Scroll for Knuckle for ATT 60%		Scroll for Earring for DEX 10%		Scroll for Bottomwear for HP 10%		Blue BATT le Lord (M)		Infinity's Wrath		Scroll for Topwear for HP 60%		Scroll for Shield for LUK 60%		Scroll for One-Handed Sword for Accuracy100%		Two-Handed Sword Production Stimulator		 Purple Mystra		Blue Pageant		Scroll for Helmet for DEX 10%		Scroll for Topwear for LUK 10%		Bow Production Stimulator		Knuckle Production Stimulator		 Purple Valkyrie Skirt (F)		 Purple Valkyrie (F)		Green Katina Boots												
	Shoes Production Stimulator		Helmet Production Stimulator		Overall Production Stimulator		Scroll for Gloves for HP 10%		One-Handed Axe Production Stimulator		One-Handed BW Production Stimulator		Shoes Production Stimulator		Bottomwear Production Stimulator		[Storybook] Unknown Letter		Scroll for Gloves for HP 100%		Scroll for One-Handed BW for Accuracy100%		Gloves Production Stimulator		Gloves Production Stimulator		Wand Production Stimulator		Two-Handed Sword Forging Manual		Red Belly Duke		Scroll for Shield for LUK 60%		Shiny Bullet												
	Shield Production Stimulator						Overall Production Stimulator		Shield Production Stimulator										Topwear Production Stimulator		Overall Production Stimulator		Shield Production Stimulator								Dagger Production Stimulator		One-Handed Axe Production Stimulator		One-Handed BW Production Stimulator												
																																															
																																															
	Weapon DEF		Magic DEF		Avoidability		Weapon DEF		Magic DEF		Avoidability		Weapon DEF		Magic DEF		Avoidability		Weapon DEF		Magic DEF		Avoidability		Weapon DEF		Magic DEF		Avoidability		Weapon DEF		Magic DEF		Avoidability												
	180		254		26		340		330		27		710		460		27		750		480		28		845		580		38		900		650		37												
	Need Accuracy		95 (1 level decrease +3.46)				Need Accuracy		99 (1 level decrease +3.6)				Need Accuracy		99 (1 level decrease +3.6)				Need Accuracy		103 (1 level decrease +3.73)				Need Accuracy		139 (1 level decrease +5.06)				Need Accuracy		136 (1 level decrease +4.93)														
	Common Location						Common Location						Common Location						Common Location						Common Location						Common Location																
																																															
																																															
	Eos Tower Omega Sector (Not released)																																														
																																															
				Lv. 23						Lv. 31						Lv. 35						Lv. 38						Lv. 40						Lv. 42						Lv. 45						Lv. 49	
																																															
				Week Fire / Strong Holy						X						X						X						X						X						Strong Lightning						Strong Fire, Ice, Lightning, Holy	
																																															
				450						800						1300						1830						1930						2300						2550						9000	
																																															
				0						0						0						0						130						150						170						220	
				42						62						72						85						95						102						110						580	
	Trixter			47 ~ 62 meso			Chirppy			100 ~ 144 meso			Bloctopus			76 ~ 114 meso			Planey			96 ~ 144 meso			Barnard Gray			108 ~ 162 meso			Zeta Gray			128 ~ 192 meso			Ultra Gray			164 ~ 246 meso			Chief Gray			622 ~ 907 meso	
	 Spiderweb		Warrior Pill		Adamantium Ore		Worn-Out Goggle		Wisdom Crystal Ore		Black Crystal Ore		Bloctopus Key Chain		Gold Ore		Opal Ore		Plane Controller		Steel Ore		LUK Crystal Ore		Space Food		Dexterity Pill		White Potion		Small Spaceship		Adamantium Ore		Diamond Ore		Receving Apparatus		Magic Pill		Mithril Ore		Chief Gray's Sign		White Potion		Elixer
	LUK Crystal Ore		Orange Potion		Bule Potion		Steel Ore		White Potion		Bule Potion		LUK Crystal Ore		White Potion		Bule Potion		Sapphire Ore		White Potion		Bule Potion		Bule Potion		Steel Ore		Silver Ore		Magic Pill		Power Crystal Ore		White Potion		Topaz Ore		Wisdom Crystal Ore		Scroll for Gloves for DEX 10%		Sniper Pill		Red Magic Cape		Gold Ore
	Scroll for Shield for DEF 100%		Korean Fan		Aluminum Baseball Bat		 Stiff Feather		Tree Branch		 Purple Doroness Robe (F)		Scroll for Cape for LUK 10%		Silver BATT le Grieves		Black Magicshoes		Scroll for Earring for INT 10%		Petal Staff		Silver Guardian		DEX Crystal Ore		Scroll for Cape for Weapon Def 10%		Yellow Umbrella		Bule Potion		Scroll for Shoes for Speed 60%		Jurgen Wristguard		White Potion		Elixer		Tobi Throwing-Star		Black Crystal Ore		LUK Crystal Ore		Scroll for Staff for Magic ATT  60%
	Eloon		Mithril Axe		Red Savata		Forked Dagger		Red Hunter's Armor (M)		Red Hunter's Pants (M)		Adamantium  Guards		Red Matty		Dark Legolier (M)		Nakamaki		Heckler		Green Pilfer		Diamond Ore		Wizard Wand		Heavy Hammer		Mokbi Throwing-Star		Orihalcon Arbion		Steel Briggon		Dark Legolia (F)		Dark Legolia Pants (F)		Blue Starlight (M)		The Summoning Rock		Star Rock		Jacker
	Red Starry Bandana		Blue Doros Robe (M)		Subi Throwing-Star		Green Jester		Fireman's Axe		Steel Briggon		Dark Legolier Pants (M)		 Purple Avenger (F)		Crescent Polearm		Blue Distinction		Blue Jangoon Armor (M)		Brown Jangoon Pants (M)		Lionheart		BATT le Shield		Black Yellow-Lined Shoes		Brown Jangoon Armor (F)		Brown Jangoon Skirt (F)		Dark Piette Pants (M)		White Guiltian		Red Shadow Pants (M)		Red Shadow (F)		 Purple Shadow (F)		 Purple Shadow Pants (M)		Dark Piettra (F)
	Balanche		Brown Skeedy Sandals		Brown Wooden Krag		Red White-Line Boots		Cutlus		Green Pilfer		Khaki Shadow (M)		카키 Shadow Pants (M)		Silver Crow		Dark Shadow (F)		Dark Shadow Pants (M)		Brown Jangoon Boots		Brown Pierre Shoes		Red Arten		Dark Shadow (M)		Dark Piette (M)		Dark Calas (M)		Blue Sonata		Adamantium Knuckle		Yellow Jangoon Armor (M)		Brown Jangoon Pants (M)		Dark Piettra Skirt (F)		Shinkita		Brown Steel-Tip Boots
	Scroll for Knuckle for ATT 10%		Scroll for Earring for LUK 100%		Scroll for Two-Handed Axe for Accuracy10%		Blue Guiltian		Brown Pierre Shoes		Iron Knuckle		Blue Brace Look		Two-Handed Sword Production Stimulator		Crossbow Production Stimulator		Pansy Earrings		Blue Pennance		Red Willow		Dark Shadow Pants (M)		OrangeCalas (M)		Blue Maro		Red Maro		Orange Golden Circlet		Buck		Emerald Dome		Skull Earrings		Green Goldwind Shoes		Red Goni Shoes		Mithril Hildon Boots		Dark Pennance
							Prime Hands		Scroll for Shield for STR 100%		Scroll for Two-Handed Axe for Accuracy100%								Green Goni Shoes		Mithril Brist		Blue Brace Look		Silver Crusader Helm		Brown Barbee		Two-Handed BW Production Stimulator		Shinkita		Lunar Shooter		Bow Production Stimulator		Golden Mole		Dark Slain		Brown Leather Krag		 Purple Steel-Tip Boots		Aqua Golden Circlet 		Old Mithril Nordic Helm 
							Bow Production Stimulator		Crossbow Production Stimulator		Helmet Production Stimulator								Scroll for Earring for DEX 100%		One-Handed Sword Production Stimulator		Gun Production Stimulator		Gun Production Stimulator		Helmet Production Stimulator				Overall Production Stimulator		Wand Production Stimulator				Scroll for Helmet for DEX 10%		Scroll for Shield for STR 60%		One-Handed BW Production Stimulator		Scroll for Helmet for DEX 60%		Scroll for Bottomwear for Jump 10%		Scroll for Two-Handed Axe for Accuracy10%
							Wand Production Stimulator												Overall Production Stimulator																		Topwear Production Stimulator		Bottomwear Production Stimulator		Shield Production Stimulator		Staff Production Stimulator		Two-Handed Axe Production Stimulator		Overall Production Stimulator
																																															
																																															
	Weapon DEF		Magic DEF		Avoidability		Weapon DEF		Magic DEF		Avoidability		Weapon DEF		Magic DEF		Avoidability		Weapon DEF		Magic DEF		Avoidability		Weapon DEF		Magic DEF		Avoidability		Weapon DEF		Magic DEF		Avoidability		Weapon DEF		Magic DEF		Avoidability		Weapon DEF		Magic DEF		Avoidability
	52		65		10		60		50		10		100		130		15		105		125		19		140		160		18		160		180		20		180		200		21		140		250		25
	Need Accuracy		37 (1 level decrease +1.33)				Need Accuracy		37 (1 level decrease +1.33)				Need Accuracy		55 (1 level decrease +2)				Need Accuracy		70 (1 level decrease +2.53)				Need Accuracy		66 (1 level decrease +2.4)				Need Accuracy		73 (1 level decrease +2.66)				Need Accuracy		77 (1 level decrease +2.8)				Need Accuracy		92 (1 level decrease +3.33)		
	Common Location						Common Location						Common Location						Common Location						Common Location						Common Location						Common Location						Common Location				
				Lv. 28						Lv. 32						Lv. 36						Lv. 38						Lv. 41						Lv. 44						Lv. 46						Lv. 54	
																																															
				Immune Poison						X						X						X						X						X						X						X	
																																															
				780						1000						1350						1850						2080						2480						2600						13500	
																																															
				0						0						0						110						150						0						170						170	
				55						65						77						85						99						105						110						980	
	Green Trixter			56 ~ 78 meso			Ratz			80 ~ 120 meso			Helly			76 ~ 114 meso			King Bloctopus			96 ~ 144 meso			Mateon			116 ~ 174 meso			Plateon			140 ~ 210 meso			Mecateon			164 ~ 256 meso			MT-09			324 ~ 486 meso	
	Sticky Spiderweb		Magic Pill		Steel Ore		Rat Trap		Leather		Steel Ore		Propeller		Adamantium Ore		Sapphire Ore		Plastic Crown		Magic Pill		Amethyst Ore		Mateon's Tentacle		White Potion		Warrior Pill		Plateon's Helmet		Emerald Ore		Wisdom Crystal Ore		Mecateon's Laser Gun		Opal Ore		Sapphire Ore		MT-09's Fuel		White Potion		Elixer
	Mithril Ore		DEX Crystal Ore		White Potion		Orihalcon Ore		Aquamarine Ore		Power Crystal Ore		Power Crystal Ore		White Potion		Bule Potion		Emerald Ore		Power Crystal Ore		White Potion		Bule Potion		Aquamarine Ore		Orihalcon Ore		Scroll for Gloves for ATT  60%		White Potion		Elixer		Power Crystal Ore		Scroll for Staff for Magic ATT  10%		White Potion		Speed Pill		Pink-Flowered Earrings		Power Crystal Ore
	Bule Potion		Scroll for Bottomwear for DEF 60%		Iron Dagger		White Potion		Bule Potion		Scroll for Pole Arm for ATT 60%		Scroll for One-Handed Sword for ATT 60%		Korean Fan		Kumbi Throwing-Star		Bule Potion		Scroll for Earring for INT 10%		Yellow Briggon		LUK Crystal Ore		Scroll for Gloves for ATT  60%		Green Burgler		The Summoning Rock		Red Matty		Brown Pole-Feather Hat		Elixer		Black Amoria Top (F)		Black Amoria Skirt (F)		Amethyst Ore		Gold Ore		Diamond Ore
	 Purple Fairy Skirt (F)		 Purple Fairy Top (F)		Wizard Staff		Green Guise		Brown Hawkeye		Red Lutia		Gold Chain Boots		Black Hunter Boots		Emerald BATT le Grieves		Green White-Line Boots		Bronze Guardian		Red Viper		Silver Fitted Mail (F)		Bronze Scaler		Steel Trigger		Black Jangoon Armor (F)		Black Jangoon Skirt (F)		White Piettra Skirt (F)		Blood Fitted Mail (F)		Orihalcon Arbion		Red Moonlight (F)		Moon Rock		Scroll for Crossbow for ATT 10%		Brown Piettra (F)
	Silver Sylvia		Blue Hawkeye		Green Wizard Robe (M)		Silver Chain Boots		Cass		Blue Dragon (M)		Brown Burgler		Red Silky Boots		Dark Moonlight (F)		Axe Pole Arm		Blue Duke		Dark Guiltian		Brown Starlight (M)		Red Shadow (F)		Red Shadow Pants (M)		White Piettra (F)		Dark Shadow (M)		Dark Shadow Pants (F)		White Guiltian		Brown Pilfer		Gold Brace		Mithri Brist		Dark Guiltian		Brown Piettra Skirt (F)
	Mokbi Throwing-Star		Steel Sylvia		Brown Turk Gally		White Martial Arts Shorts (M)		Bronze Scaler		Dankke		Green Distinction		Yellow Jangoon Armor (M)		Black Jangoon Pants (M)		 Marine Shadow (M)		 Marine Shadow Pants (M)		Blue Moon		Red Jangoon Skirt (F)		Red Jangoon Armor (F)		Dark Pennance		Dark Calaf (F)		Red Lumati (F)		Blue Willow		Cromi		Umber Shouldermail (M) 		Umber Shouldermail Pants (M)		Red Moon Gloves		 Purple Goldwind Shoes		Brown China (M)
	Scroll for Shield for STR 100%		Scroll for One-Handed Axe for Accuracy60%				Jacker		Brown Paulie Boots		Scroll for Two-Handed BW for Accuracy100%		White Piette (M)		Blue Piette Pants (M)		Blue Calaf (F)		Brown Piettra (F)		Brown Piettra Skirt (F)		Scroll for Two-Handed Axe for Accuracy60%		Blue Steel-Tip Boots		Red Moon Gloves		Brown Barbee		 Purple Goni Shoes		Serpent's Tongue		Olympus		Maroon Moon Pants (F)		Maroon Moon (F)		The Rising		Brown China Pants (M)		Blue Maro		Sparta
							Staff Production Stimulator		One-Handed Axe Production Stimulator		One-Handed BW Production Stimulator		Red Sonata		Emerald Hildon Boots		Red Maro		Blue Calas (M)		Blue Den Marine		Staff Production Stimulator		Split Bullet		Scroll for Two-Handed Axe for Accuracy100%		Overall Production Stimulator		Fury Claw		Scroll for Earring for HP 100%		Scroll for Overall Armor for STR 100%		Brown Royce		Scroll for Gun for ATT 60%		Two-Handed Axe Production Stimulator		Silver Legend Shield		The Shining		Scroll for One-Handed Sword for Accuracy60%
													Shooting Star		Claw Production Stimulator		Knuckle Production Stimulator		Shoes Production Stimulator		Topwear Production Stimulator		Shield Production Stimulator		Two-Handed Axe Production Stimulator		Shoes Production Stimulator				One-Handed Sword Production Stimulator		Shoes Production Stimulator		Bottomwear Production Stimulator		Crossbow Production Stimulator		Gloves Production Stimulator				One-Handed BW Production Stimulator		Crossbow Production Stimulator		Helmet Production Stimulator
													Helmet Production Stimulator																																		
																																															
																																															
	Weapon DEF		Magic DEF		Avoidability		Weapon DEF		Magic DEF		Avoidability		Weapon DEF		Magic DEF		Avoidability		Weapon DEF		Magic DEF		Avoidability		Weapon DEF		Magic DEF		Avoidability		Weapon DEF		Magic DEF		Avoidability		Weapon DEF		Magic DEF		Avoidability		Weapon DEF		Magic DEF		Avoidability
	75		75		12		65		75		13		85		105		17		120		140		18		120		120		16		140		190		18		160		210		20		280		280		20
	Need Accuracy		44 (1 level decrease +1.6)				Need Accuracy		48 (1 level decrease +1.73)				Need Accuracy		62 (1 level decrease +2.26)				Need Accuracy		66 (1 level decrease +2.4)				Need Accuracy		59 (1 level decrease +2.13)				Need Accuracy		66 (1 level decrease +2.4)				Need Accuracy		73 (1 level decrease +2.66)				Need Accuracy		74 (1 level decrease +2.66)		
	Common Location						Common Location						Common Location						Common Location						Common Location						Common Location						Common Location						Common Location				
				Lv. 30						Lv. 34						Lv. 37						Lv. 39						Lv. 42						Lv. 45						Lv. 47							
																																															
				X						X						X						X						Week Fire /Strong Ice, Lightning						X						X							
																																															
				950						1150						1700						1900						2400						2600						11000							
																																															
				0						0						0						0						0						0						220							
				60						70						82						85						102						110						720							
	Drumming Bunny			97 ~ 139 meso			Black Ratz			84 ~ 126 meso			Propelly			96 ~ 144 meso			Tweeter			96 ~ 144 meso			Block Golem			123 ~ 190 meso			King Block Golem			164 ~ 246 meso			Rombot			630 ~ 915 meso							
	Toy Drum		White Potion		Bule Potion		Hard Walnut		Leather		Speed Pill		Motor		Mystic Shield		Orihalcon Ore		Small Egg		Sniper Pill		Black Crystal Ore		Yellow Toy Block		Steel Ore		DEX Crystal Ore		Blue Toy Block		Black Crystal Ore		Power Crystal Ore		Rombot's Memory Card		White Potion		Elixer						
	Steel Ore		Diamond Ore		The Summoning Rock		Sapphire Ore		DEX Crystal Ore		White Potion		Opal Ore		Wisdom Crystal Ore		White Potion		DEX Crystal Ore		White Potion		Bule Potion		White Potion		Bule Potion		Scroll for Shield for DEF 60%		White Potion		Elixer		Scroll for Overall Armor for DEF 60%		Bronze Ore		DEX Crystal Ore		Scroll for Shield for DEF 10%						
	Dark Crystal Ore		Pan Lid		Mokbi Throwing-Star		Bule Potion		Scroll for Shoes for Jump 100%		Blue Fairy Top (F)		Bule Potion		Scroll for Dagger for ATT 60%		Mithril Wand		Amethyst Ore		Scroll for Shield for DEF 10%		Lollipop		Pansy Earrings		Scimitar		Dark Burgler		Scroll for Two-Handed Sword for ATT 10%		Scroll for Spear for ATT 60%		Red Whip		Diamond Ore		Garnet Ore		The Magic Rock						
	Red Whip		Broadsword		Black Bennis Chainmail (F)		Blue Fairy Skirt (F)		Dark Brown Stealer (M) 		DarkBrown Stealer Pants (M)		Fireman's Axe		Lollipop		Aluminum Baseball Bat		Soft Feather		Tree Branch		Lionheart		Gold Scaler		Red Moonlight (F)		Dark Guiltian		Great Brown Helmet		Green Legolia (F)		Green Legolia Pants (F)		Black Knucklevest Pants (M)		Black Knucklevest (M)		Crescent Polearm						
	리너스 체인바지		Blue Steal (F)		Blue Steal Pants (F)		Great Blue Helmet		Dark Pole-Feather Hat		Brown Legolier (M)		Red White-Line Boots		Black Salt Shoes		Steel Arbion		Sledgehammer		Fairy Wand		Black Red-Lined Shoes		Blue Distinction		Dark Avarice		Dark Moon Shoes		Brown Matty		Dark Distinction		Red Pilfer		Aqua Brace		Silver Crow		Blue Calaf (F)						
	Black Dragon Robe (M)		Black Lutia		Green Legolier (M)		Brown Legolier Pants (M)		Blood Fitted Mail (F)		Green Starlight (M)		Red Jangoon Armor (F)		Red Jangoon Skirt (F)		White Piettra (F)		Brown Pierre Shoes		Blue Moon Shoes		Steel Tower Shield		Blue Shouldermail (M)		Blue Shouldermail Pants (M)		Rower		Khaki Shadow (M)		카키 Shadow Pants (M)		Red Jangoon Skirt (F)		Cromi		Blood Slain		Green Goni Shoes						
	Green Legolier Pants (M)		Brown Matty		Fairy Wand		Red Cleave		Hall Staff		Brown Jeweled		White Piettra Skirt (F)		Red Pilfer		Yellow Duke		Dark Brace		Brown Jangoon Armor (F)		Brown Jangoon Skirt (F)		Skull Shield		Neozard		Scroll for One-Handed BW for Accuracy60%		Red Jangoon Armor (F)		Oaker Shouldermail (M) 		Oaker Shouldermail Pants (M)		Serpent's Tongue		Pink Goldwind Shoes		Red Willow						
	Cold Mind		Scroll for Gun for ATT 60%		Scroll for Pole Arm for Accuracy10%		Red Barbay		Dagger Production Stimulator		One-Handed BW Production Stimulator		Dark Pennance		Steel Slain		Rower		Red Calaf (F)		Blue Moon Gloves		Mithril Brist 		Scroll for Pole Arm for Accuracy10%		Two-Handed Sword Production Stimulator		Dagger Production Stimulator		래드 Pennance		Dark Willow		Gold Hildon Boots		Buck		Mr. Rasfelt		Scroll for One-Handed BW for Accuracy100%						
	 Spear Production Stimulator		Claw Production Stimulator		Shoes Production Stimulator		Shoes Production Stimulator						Lion's Fang		Dark Matty		Silver Maiden		Dark Willow		Silver Maiden		Scroll for One-Handed BW for Accuracy100%		Gloves Production Stimulator						Brown Barbee		Scroll for Gun for ATT 10%		Scroll for Bottomwear for Jump 60%		One-Handed Sword Production Stimulator		One-Handed BW Production Stimulator								
													Scroll for Spear for Accuracy60%		Bow Production Stimulator				Claw Production Stimulator		One-Handed BW Production Stimulator		Two-Handed Axe Production Stimulator								Scroll for Bottomwear for DEX 10%		Scroll for Shield for STR 60%		Scroll for Two-Handed Sword for Accuracy10%												
													Pole Arm Production Stimulator		Wand Production Stimulator																Staff Production Stimulator		Bow Production Stimulator		One-Handed Sword Production Stimulator												
																																															
	Weapon DEF		Magic DEF		Avoidability		Weapon DEF		Magic DEF		Avoidability		Weapon DEF		Magic DEF		Avoidability		Weapon DEF		Magic DEF		Avoidability		Weapon DEF		Magic DEF		Avoidability		Weapon DEF		Magic DEF		Avoidability		Weapon DEF		Magic DEF		Avoidability						
	38		50		12		60		80		15		95		115		18		120		130		17		110		90		12		130		110		14		165		180		16						
	Need Accuracy		44 (1 level decrease +1.6)				Need Accuracy		51 (1 level decrease +1.86)				Need Accuracy		66 (1 level decrease +2.4)				Need Accuracy		62 (1 level decrease +2.26)				Need Accuracy		44 (1 level decrease +1.6)				Need Accuracy		51 (1 level decrease +1.86)				Need Accuracy		59 (1 level decrease +2.13)								
	Common Location						Common Location						Common Location						Common Location						Common Location						Common Location						Common Location										
																																															
																																															
	Helios Tower Korean Folk Town (Not released)																																														
																																															
				Lv. 22						Lv. 45						Lv. 53						Lv. 60						Lv. 70																			
																																															
				Week Fire						Week Fire / Strong Ice						Week Ice / Strong Fire						Week Ice, Holy →  Week Holy / Strong Fire, Ice						Immune Poison																			
																																															
				550						2600						4500						3500 → 7000						25000																			
																																															
				40						170						160						100 → 170						200																			
				38						110						165						330						400																			
	Dark Axe Stump			40 ~ 60 meso			Moon Bunny			160 ~ 240 meso			Hogul			232 ~ 348 meso			Morphed Blin			304 ~ 456 meso			Green King Goblin			351 ~ 453 meso																			
	Firewood		Orange Potion		Sap of Ancient Tree		Pounder		Leather		White Potion		Tiger Skin		White Potion		Bule Potion		Broom		Mana Elixer		Elixer		Gold Ore		Topaz Ore		Wisdom Crystal Ore																		
	Scroll for Two-Handed BW for ATT 10%		Brown Doroness Robe (F)		Green Able Skirt (F)		Bule Potion		Sapphire Ore		Silver Ore		Elixer		Leather		Orihalcon Ore		Black Crystal Ore		Steel Ore		Serpent's Tongue		The Magic Rock		Mana Elixer		Elixer																		
	 Purple Shivermail (F)		 Purple  Shivermail Skirt (F)		Arrow for Bow		Wisdom Crystal Ore		Yellow Umbrella		Gold Brace		Steel Ore		LUK Crystal Ore		The Magic Rock		Crescent Polearm		Olympus		Silver Crow		Warrior Pill		Scroll for Cape for HP 60%		Crystal Flower Earrings																		
	Steel Ore		Diamond Ore		Bule Potion		Black Yellow-Lined Shoes		Mithril Trigger		Adamantium Tower Shield		Scroll for Cape for LUK 10%		Lionheart		Scroll for Two-Handed BW for ATT 60%		Steel Manute		Steel Pow		Red Gore Boots		Sephia Garner		Red Ice Queen (F)		Red Ice Queen Skirt (F)																		
	Adamantium Igor		Red Lappy Boots		Yellow Starry Bandana		Blue Moon		Blue Counter		Mokbi Throwing-Star		Red Anakarune (F)		Tobi Throwing-Star		Titan		Scroll for Topwear for DEF 60%		Oaker Scorpio Pants (M)		Oaker Scorpio (M)		Scroll for One-Handed Sword for ATT 60%		Half Earrings		Doombringer																		
	Mithril Guards		Silver Guardian		Arrow for Crossbow		Blue Adventurer Cape		The Magic Rock		Scroll for Shoes for Jump 10%		Blue China (M)		Blue China Pants (M)		Brown Moon (F)		Black Magic Cape		Green Ice Queen (F)		Green Ice Queen Skirt (F)		 Purple Carzen Boots		Golden Mole		Blue Mystique (F)																		
	 Purple Doroness Robe (F)		Black Lappy Boots		The Summoning Rock		Neozard		Scroll for Helmet for DEX 60%		Scroll for Topwear for STR 100%		Brown Moon Pants (F)		Scroll for Gun for ATT 60%		Scroll for Earring for DEX 100%		Scroll for Helmet for HP 60%		DEX Crystal Ore		Scroll for Overall Armor for DEX 60%		Blue Mystique Pants (F)		Hwabi Throwing-Star		Black Pirate's Bandana																		
	Wooden Top		Axe		Brown Double Marine		Claw Production Stimulator		Pole Arm Production Stimulator		Gun Production Stimulator		Scroll for Bottomwear for HP 60%		 Spear Production Stimulator		Pole Arm Production Stimulator		Umber Shouldermail (M) 		Umber Shouldermail Pants (M)		One-Handed Sword Production Stimulator		Vital Bullet		Scroll for Helmet for INT 100%		Scroll for Overall Armor for STR 10%																		
	Scroll for Two-Handed Sword for Accuracy60%		Scroll for Two-Handed BW for Accuracy100%										Bottomwear Production Stimulator						Topwear Production Stimulator		Overall Production Stimulator				Scroll for One-Handed Axe for Accuracy60%		Gun Production Stimulator		Helmet Production Stimulator																		
																									Topwear Production Stimulator																						
																																															
																																															
	Weapon DEF		Magic DEF		Avoidability		Weapon DEF		Magic DEF		Avoidability		Weapon DEF		Magic DEF		Avoidability		Weapon DEF		Magic DEF		Avoidability		Weapon DEF		Magic DEF		Avoidability																		
	0		0		0		100		180		20		185		215		25		170 → 220		180 → 230		38 → 25		280		280		15																		
	Need Accuracy		26 (1 level decrease +0.93)				Need Accuracy		73 (1 level decrease +2.66)				Need Accuracy		92 (1 level decrease +3.33)				Need Accuracy		92 (1 level decrease +3.33)				Need Accuracy		55 (1 level decrease +2)																				
	Common Location						Common Location						Common Location						Common Location						Common Location																						
				Lv. 36						Lv. 50						Lv. 56						Lv. 70						Lv. 70																			
																																															
				X						X						Week Fire, Holy						Week Fire / Strong Ice						Week Ice / Strong Fire																			
																																															
				1400						3800						4500						25000						25000																			
																																															
				0						40						120						200						200																			
				78						140						185						400						400																			
	Retz			76 ~ 114 meso			Hodori			200 ~ 300 meso			Samiho			268 ~ 402 meso			Blue King Goblin			366 ~ 500 meso			Yellow King Goblin			366 ~ 381 meso																			
	Sunflower Seed		Sniper Potion		Mithril Ore		Tiger Stamp		Leather		White Potion		Three-Tailed Foxtail		Leather		Dark Crystal Ore		Silver Ore		Garnet Ore		DEX Crystal Ore		Steel Ore		Amethyst Ore		LUK Crystal Ore																		
	LUK Crystal Ore		White Potion		Bule Potion		Bule Potion		Elixer		Amethyst Ore		Bule Potion		Elixer		Opal Ore		The Summoning Rock		Mana Elixer		Elixer		The Summoning Rock		Mana Elixer		Elixer																		
	Scroll for Bow for ATT 60%		Petal Staff		Green Guise		Mithril Ore		Bazlud		Red Pierre Shoes		Orihalcon Ore		Holy Cross Earrings		Orihalcon Hildon Boots		Speed Potion		Scroll for Bottomwear for DEF 60%		Scroll for Shoes for DEX 60%		Wizard Potion		Scroll for Overall Armor for DEF 60%		Orange Tai (M)																		
	Blue Amoria Top (F)		Blue Amoria Skirt (F)		Great Brown Helmet		Green Lumati (F)		Scroll for Shield for DEF 60%		Wizard Potion		Brown Moon Gloves		Orange Tai (M)		White Anakarune (F)		Red Choro (F)		Skylar		Red Lapiz Sandals		Light Mantis Pants (F)		Light Mantis (F) 		Scroll for Earring for INT 10%																		
	Cat's Eye		Red Legolia (F)		Red Legolia Pants (F)		Jacker		Scroll for Crossbow for ATT 10%		Ivory Shouldermail (F)		Scroll for Staff for Magic ATT  60%		Red Pennance		Holy Spear		Red Mystique Shoes		Chrono		Blue Stud (M) 		Silver Ancient Shield		Blue Gaia Cape		Gross Jaeger																		
	Blue Avenger (F)		Gold Brace		Gold Cleave		Oaker Shouldermail Pants (M)		Scroll for Gloves for ATT  60%		DEX Crystal Ore		Oaker Scorpio (M)		Oaker Scorpio Pants (M)		DEX Crystal Ore		Blue Studded Pants (M)		The Blessing		Half Earrings		Sapphire Gigantic		Bronze Platine (M)		Bronze Platine Pants (M)																		
	Dark Moon Shoes		Maroon Jangoon Boots		Blue Brace Look		Buck		Brown Royce		Scroll for Knuckle for Accuracy100%		Blue Shouldermail (M)		Blue Shouldermail Pants (M)		Scroll for Wand for Magic ATT  60%		Blue Hinkel		Hwabi Throwing-Star		Beia Crash		Black Voyson Shoes		Two-Handed Sword Production Stimulator		Claw Production Stimulator																		
	Brown Barbee		 Spear Production Stimulator		Two-Handed Axe Production Stimulator		 Spear Production Stimulator		Knuckle Production Stimulator		One-Handed Axe Production Stimulator		Black Royal Barone		Scroll for Topwear for HP 100%		Two-Handed Sword Production Stimulator		Scroll for Bottomwear for HP 100%		Scroll for Two-Handed Sword for Accuracy60%		Claw Production Stimulator		One-Handed Sword Production Stimulator																						
	Bottomwear Production Stimulator												Staff Production Stimulator		One-Handed Axe Production Stimulator				Two-Handed Axe Production Stimulator		Topwear Production Stimulator																										
																																															
																																															
																																															
	Weapon DEF		Magic DEF		Avoidability		Weapon DEF		Magic DEF		Avoidability		Weapon DEF		Magic DEF		Avoidability		Weapon DEF		Magic DEF		Avoidability		Weapon DEF		Magic DEF		Avoidability																		
	90		85		18		150		180		28		150		190		28		280		280		15		280		280		15																		
	Need Accuracy		66 (1 level decrease +2.4)				Need Accuracy		103 (1 level decrease +3.73)				Need Accuracy		103 (1 level decrease +3.7)				Need Accuracy		55 (1 level decrease +2)				Need Accuracy		55 (1 level decrease +2)																				
	Common Location						Common Location						Common Location						Common Location						Common Location																						
																																															
	BOSS																																														
																																															
				Lv. 58						Lv. 65						Lv. 62						Lv. 70																									
																																															
				X						X						X (Possible Heal attack)						X																									
																																															
				415000						734000						680000						999999																									
																																															
				Respawn time						Respawn time						Respawn time						Respawn time																									
				1hr 8min ~ 1hr 30min						4hr 30min ~ 5hr 50min						2hr 30min ~ 5hr						3hr 30min ~ 9hr 30min																									
	Timer						Zeno						Scholar Ghost						Nine-Tailed Fox																												
	Silver mesos bag		Bronze mesos bag X3		Scroll for Topwear for DEF 60%		Gold mesos bag		Silver mesos bag X2		Scroll for Belt for LUK 100%		Silver mesos bag X4		Scroll for Knuckle for ATT 10%		Scroll for Gun for ATT 60%		Heavy mesos bag		Gold mesos bag		Nine-Tailed Foxtail																								
																																															
	Scroll for Overall Armor for LUK 60%		Scroll for Shoes for Jump 60%		Scroll for Gloves for ATT  60%		Scroll for Belt for DEX 100%		Space Food		Small Spaceship		Scroll for Helmet for INT 60%		Scroll for Topwear for LUK 10%		Scroll for Bottomwear for DEX 60%		Tree-Tailed Foxtail		Leather		DEX Crystal Ore																								
																																															
	Scroll for Cape for STR 60%		Scroll for Cape for INT 60%		Scroll for One-Handed BW for ATT 60%		Receving Apparatus		Wisdom Crystal Ore		Power Crystal Ore		Scroll for Shield for STR 10%		Scroll for One-Handed Sword for Accuracy 60%		Mithril Planet 		Silver Ore		Opal Ore		Scroll for Pendant for DEX 60%																								
																																															
	Scroll for Wand for Magic ATT  60%		Scroll for Two-Handed BW for ATT 60%		Scroll for Spear for ATT 60%		White Potion		Bule Potion		Scroll for Overall Armor for LUK 60%		Dark Infinium Circlet		Dark Patriot		Blood Nightfox		Scroll for Pendant for LUK 60%		Scroll for Pendant for STR 60%		Scroll for Pendant for INT 60%																								
																																															
	Scroll for Earring for INT 10%		Scroll for Overall Armor for DEX 10%		Scroll for Cape for Magic Def 10%		Scroll for Shoes for Speed 60%		Scroll for Gloves for ATT  60%		Scroll for Cape for INT 60%		Mithril Platine		Blood Platina (F)		Dark Requiem (M)		Bule Potion		Magic Potion		Speed Potion																								
																																															
	Scroll for Staff for Magic ATT  10%		Scroll for Bow for ATT 10%		Scroll for Eye Accessory for DEX 100%		Scroll for One-Handed Axe for ATT 60%		Scroll for Dagger for ATT 60%		Scroll for Pole Arm for ATT 60%		Dark Requierre (F)		Dark Linnex (M)		Dark Lineros (F)		Scroll for Earring for INT 60%		Scroll for Overall Armor for DEX 60%		Scroll for Overall Armor for INT 60%																								
																																															
	Scroll for Eye Accessory for LUK 100%		Neocora		Hawkhead		Scroll for Spear for ATT 60%		Scroll for Gun for ATT 60%		Vital Bullet		Dark Stud (M)		 Purple Mystique (F)		Dark Husk		Scroll for Shoes for DEX 60%		Scroll for Gloves for ATT  60%		Scroll for Cape for MP 60%																								
																																															
	Tamus		Deadly Fin		Serpent's Coil		Tobi Throwing-Star		Emerald Dome		Mithril Planet		Dark Lorin		Dark Eyes		Scroll for Pendant for STR 10%		Scroll for Dagger for ATT 60%		Scroll for Staff for Magic ATT  60%		Scroll for Bow for ATT 60%																								
																																															
	Evil Tale		Evil Wings		Sparta		Dark Infinium Circlet		Dark Patriot		Blood Nightfox		Scroll for Pendant for INT 10%		Scroll for Pendant for DEX 10%		Scroll for Pendant for LUK 10%		Scroll for Cape for INT 60%		Scroll for Cape for INT 10%		Scroll for Wand for Magic ATT  10%																								
																																															
	The Shining		The Blessing		Holy Spear		Black Pirate's Bandana		Glowing Whip		Scroll for Topwear for LUK 60%		Traditional Scholar Hat						Scroll for Claw for ATT 10%		Scroll for Shield for DEF 10%		Scroll for Bottomwear for DEF 10%																								
																																															
	Skylar		Asianic Bow		Golden Crow		Scroll for Shield for LUK 10%		Scroll for One-Handed BW for Accuracy 10%										Steely Throwing-Knives		Gold Rover		Dark Carzen Boots																								
																																															
	Dark Gigantic		Psycho Claw		Burning Hell														Gold Lapiz Sandals		Dark Elf Shoes		 Purple Mystique Shoes																								
																																															
	Scroll for Knuckle for ATT 60%		Scroll for Gun for ATT 10%		Heart Staff														Black Pirate's Bandana		Red Viska		Black Bisk																								
																																															
	Scroll for Bottomwear for DEX 10%		Scroll for Gloves for HP 10%		Scroll for Shield for STR 10%														Black Voyson Shoes																												
																																															
	Scroll for Two-Handed Axe for Accuracy 10%		 Scroll for Knuckle for Accuracy 60%		Newspaper Hat																																										
																																															
	Pico Hammer																																														
																																															
																																															
																																															
																																															
																																															
																																															
																																															
																																															
																																															
	Weapon DEF		Magic DEF		Avoidability		Weapon DEF		Magic DEF		Avoidability		Weapon DEF		Magic DEF		Avoidability		Weapon DEF		Magic DEF		Avoidability																								
	?		?		?		?		?		?		?		?		?		?		?		?																								
	Need Accuracy		?				Need Accuracy		?				Need Accuracy		?				Need Accuracy		?																										
	Common Location						Common Location						Common Location						Common Location																												
	루디브리엄 - hr의길 3						지구방위본부 - (H)그레이의 초원						아랫마을 - 여우고개						아랫마을 - (H)달고개																												